Location,Category,Year,Value,Rank,Unit
"Aitkin, MN",Farm Income,2000,1164,77,Thousands of dollars
"Aitkin, MN",Farm Income,2005,930,84,Thousands of dollars
"Aitkin, MN",Farm Income,2010,10366,65,Thousands of dollars
"Aitkin, MN",Farm Income,2015,3163,78,Thousands of dollars
"Anoka, MN",Farm Income,2000,8703,62,Thousands of dollars
"Anoka, MN",Farm Income,2005,14531,62,Thousands of dollars
"Anoka, MN",Farm Income,2010,15221,62,Thousands of dollars
"Anoka, MN",Farm Income,2015,26715,42,Thousands of dollars
"Becker, MN",Farm Income,2000,17514,35,Thousands of dollars
"Becker, MN",Farm Income,2005,22302,51,Thousands of dollars
"Becker, MN",Farm Income,2010,28809,46,Thousands of dollars
"Becker, MN",Farm Income,2015,46148,26,Thousands of dollars
"Beltrami, MN",Farm Income,2000,5144,68,Thousands of dollars
"Beltrami, MN",Farm Income,2005,6646,68,Thousands of dollars
"Beltrami, MN",Farm Income,2010,2354,78,Thousands of dollars
"Beltrami, MN",Farm Income,2015,10777,63,Thousands of dollars
"Benton, MN",Farm Income,2000,7997,63,Thousands of dollars
"Benton, MN",Farm Income,2005,32130,40,Thousands of dollars
"Benton, MN",Farm Income,2010,28907,45,Thousands of dollars
"Benton, MN",Farm Income,2015,41759,30,Thousands of dollars
"Big Stone, MN",Farm Income,2000,10414,58,Thousands of dollars
"Big Stone, MN",Farm Income,2005,17477,56,Thousands of dollars
"Big Stone, MN",Farm Income,2010,16861,60,Thousands of dollars
"Big Stone, MN",Farm Income,2015,15356,61,Thousands of dollars
"Blue Earth, MN",Farm Income,2000,35560,7,Thousands of dollars
"Blue Earth, MN",Farm Income,2005,81421,6,Thousands of dollars
"Blue Earth, MN",Farm Income,2010,78344,7,Thousands of dollars
"Blue Earth, MN",Farm Income,2015,69125,13,Thousands of dollars
"Brown, MN",Farm Income,2000,23450,20,Thousands of dollars
"Brown, MN",Farm Income,2005,68467,8,Thousands of dollars
"Brown, MN",Farm Income,2010,71777,11,Thousands of dollars
"Brown, MN",Farm Income,2015,61819,16,Thousands of dollars
"Carlton, MN",Farm Income,2000,34,81,Thousands of dollars
"Carlton, MN",Farm Income,2005,479,85,Thousands of dollars
"Carlton, MN",Farm Income,2010,-180,87,Thousands of dollars
"Carlton, MN",Farm Income,2015,42,85,Thousands of dollars
"Carver, MN",Farm Income,2000,13521,48,Thousands of dollars
"Carver, MN",Farm Income,2005,20980,53,Thousands of dollars
"Carver, MN",Farm Income,2010,21882,53,Thousands of dollars
"Carver, MN",Farm Income,2015,10541,65,Thousands of dollars
"Cass, MN",Farm Income,2000,3701,72,Thousands of dollars
"Cass, MN",Farm Income,2005,14506,63,Thousands of dollars
"Cass, MN",Farm Income,2010,888,82,Thousands of dollars
"Cass, MN",Farm Income,2015,12402,62,Thousands of dollars
"Chippewa, MN",Farm Income,2000,18516,32,Thousands of dollars
"Chippewa, MN",Farm Income,2005,42795,29,Thousands of dollars
"Chippewa, MN",Farm Income,2010,45437,29,Thousands of dollars
"Chippewa, MN",Farm Income,2015,35345,34,Thousands of dollars
"Chisago, MN",Farm Income,2000,3485,73,Thousands of dollars
"Chisago, MN",Farm Income,2005,6574,69,Thousands of dollars
"Chisago, MN",Farm Income,2010,7609,71,Thousands of dollars
"Chisago, MN",Farm Income,2015,5881,73,Thousands of dollars
"Clay, MN",Farm Income,2000,24767,16,Thousands of dollars
"Clay, MN",Farm Income,2005,31054,42,Thousands of dollars
"Clay, MN",Farm Income,2010,38371,35,Thousands of dollars
"Clay, MN",Farm Income,2015,17909,55,Thousands of dollars
"Clearwater, MN",Farm Income,2000,540,79,Thousands of dollars
"Clearwater, MN",Farm Income,2005,3777,75,Thousands of dollars
"Clearwater, MN",Farm Income,2010,9268,69,Thousands of dollars
"Clearwater, MN",Farm Income,2015,9684,67,Thousands of dollars
"Cook, MN",Farm Income,2000,0,82,Thousands of dollars
"Cook, MN",Farm Income,2005,0,87,Thousands of dollars
"Cook, MN",Farm Income,2010,0,86,Thousands of dollars
"Cook, MN",Farm Income,2015,0,86,Thousands of dollars
"Cottonwood, MN",Farm Income,2000,29289,13,Thousands of dollars
"Cottonwood, MN",Farm Income,2005,56985,17,Thousands of dollars
"Cottonwood, MN",Farm Income,2010,53131,25,Thousands of dollars
"Cottonwood, MN",Farm Income,2015,60940,17,Thousands of dollars
"Crow Wing, MN",Farm Income,2000,-1088,86,Thousands of dollars
"Crow Wing, MN",Farm Income,2005,1986,78,Thousands of dollars
"Crow Wing, MN",Farm Income,2010,22569,51,Thousands of dollars
"Crow Wing, MN",Farm Income,2015,2683,79,Thousands of dollars
"Dakota, MN",Farm Income,2000,19757,30,Thousands of dollars
"Dakota, MN",Farm Income,2005,39725,31,Thousands of dollars
"Dakota, MN",Farm Income,2010,54899,23,Thousands of dollars
"Dakota, MN",Farm Income,2015,33914,38,Thousands of dollars
"Dodge, MN",Farm Income,2000,12196,53,Thousands of dollars
"Dodge, MN",Farm Income,2005,38246,33,Thousands of dollars
"Dodge, MN",Farm Income,2010,37409,36,Thousands of dollars
"Dodge, MN",Farm Income,2015,19276,51,Thousands of dollars
"Douglas, MN",Farm Income,2000,10212,59,Thousands of dollars
"Douglas, MN",Farm Income,2005,18124,55,Thousands of dollars
"Douglas, MN",Farm Income,2010,13112,63,Thousands of dollars
"Douglas, MN",Farm Income,2015,18879,53,Thousands of dollars
"Faribault, MN",Farm Income,2000,17515,34,Thousands of dollars
"Faribault, MN",Farm Income,2005,59048,16,Thousands of dollars
"Faribault, MN",Farm Income,2010,46434,28,Thousands of dollars
"Faribault, MN",Farm Income,2015,30846,40,Thousands of dollars
"Fillmore, MN",Farm Income,2000,12736,52,Thousands of dollars
"Fillmore, MN",Farm Income,2005,42317,30,Thousands of dollars
"Fillmore, MN",Farm Income,2010,42687,32,Thousands of dollars
"Fillmore, MN",Farm Income,2015,39173,32,Thousands of dollars
"Freeborn, MN",Farm Income,2000,16910,37,Thousands of dollars
"Freeborn, MN",Farm Income,2005,59798,15,Thousands of dollars
"Freeborn, MN",Farm Income,2010,44193,31,Thousands of dollars
"Freeborn, MN",Farm Income,2015,25905,44,Thousands of dollars
"Goodhue, MN",Farm Income,2000,23626,19,Thousands of dollars
"Goodhue, MN",Farm Income,2005,56573,18,Thousands of dollars
"Goodhue, MN",Farm Income,2010,52610,26,Thousands of dollars
"Goodhue, MN",Farm Income,2015,67502,14,Thousands of dollars
"Grant, MN",Farm Income,2000,16724,40,Thousands of dollars
"Grant, MN",Farm Income,2005,15607,59,Thousands of dollars
"Grant, MN",Farm Income,2010,24606,49,Thousands of dollars
"Grant, MN",Farm Income,2015,43209,28,Thousands of dollars
"Hennepin, MN",Farm Income,2000,15020,43,Thousands of dollars
"Hennepin, MN",Farm Income,2005,17018,57,Thousands of dollars
"Hennepin, MN",Farm Income,2010,19928,58,Thousands of dollars
"Hennepin, MN",Farm Income,2015,10314,66,Thousands of dollars
"Houston, MN",Farm Income,2000,9275,61,Thousands of dollars
"Houston, MN",Farm Income,2005,27682,47,Thousands of dollars
"Houston, MN",Farm Income,2010,20113,56,Thousands of dollars
"Houston, MN",Farm Income,2015,27944,41,Thousands of dollars
"Hubbard, MN",Farm Income,2000,1927,74,Thousands of dollars
"Hubbard, MN",Farm Income,2005,9817,65,Thousands of dollars
"Hubbard, MN",Farm Income,2010,8216,70,Thousands of dollars
"Hubbard, MN",Farm Income,2015,7453,71,Thousands of dollars
"Isanti, MN",Farm Income,2000,-912,85,Thousands of dollars
"Isanti, MN",Farm Income,2005,1665,79,Thousands of dollars
"Isanti, MN",Farm Income,2010,336,84,Thousands of dollars
"Isanti, MN",Farm Income,2015,-2030,87,Thousands of dollars
"Itasca, MN",Farm Income,2000,215,80,Thousands of dollars
"Itasca, MN",Farm Income,2005,1280,81,Thousands of dollars
"Itasca, MN",Farm Income,2010,1787,79,Thousands of dollars
"Itasca, MN",Farm Income,2015,1686,82,Thousands of dollars
"Jackson, MN",Farm Income,2000,25583,15,Thousands of dollars
"Jackson, MN",Farm Income,2005,71613,7,Thousands of dollars
"Jackson, MN",Farm Income,2010,76339,8,Thousands of dollars
"Jackson, MN",Farm Income,2015,56113,20,Thousands of dollars
"Kanabec, MN",Farm Income,2000,-647,84,Thousands of dollars
"Kanabec, MN",Farm Income,2005,2045,77,Thousands of dollars
"Kanabec, MN",Farm Income,2010,3556,76,Thousands of dollars
"Kanabec, MN",Farm Income,2015,2138,81,Thousands of dollars
"Kandiyohi, MN",Farm Income,2000,15104,42,Thousands of dollars
"Kandiyohi, MN",Farm Income,2005,65208,12,Thousands of dollars
"Kandiyohi, MN",Farm Income,2010,67082,14,Thousands of dollars
"Kandiyohi, MN",Farm Income,2015,84481,9,Thousands of dollars
"Kittson, MN",Farm Income,2000,22692,21,Thousands of dollars
"Kittson, MN",Farm Income,2005,10082,64,Thousands of dollars
"Kittson, MN",Farm Income,2010,22502,52,Thousands of dollars
"Kittson, MN",Farm Income,2015,16362,60,Thousands of dollars
"Koochiching, MN",Farm Income,2000,954,78,Thousands of dollars
"Koochiching, MN",Farm Income,2005,1033,83,Thousands of dollars
"Koochiching, MN",Farm Income,2010,2483,77,Thousands of dollars
"Koochiching, MN",Farm Income,2015,4040,76,Thousands of dollars
"Lac qui Parle, MN",Farm Income,2000,20097,29,Thousands of dollars
"Lac qui Parle, MN",Farm Income,2005,46021,26,Thousands of dollars
"Lac qui Parle, MN",Farm Income,2010,61244,19,Thousands of dollars
"Lac qui Parle, MN",Farm Income,2015,24985,46,Thousands of dollars
"Lake of the Woods, MN",Farm Income,2000,3743,71,Thousands of dollars
"Lake of the Woods, MN",Farm Income,2005,2674,76,Thousands of dollars
"Lake of the Woods, MN",Farm Income,2010,1333,81,Thousands of dollars
"Lake of the Woods, MN",Farm Income,2015,7517,70,Thousands of dollars
"Lake, MN",Farm Income,2000,-97,83,Thousands of dollars
"Lake, MN",Farm Income,2005,60,86,Thousands of dollars
"Lake, MN",Farm Income,2010,42,85,Thousands of dollars
"Lake, MN",Farm Income,2015,114,84,Thousands of dollars
"Le Sueur, MN",Farm Income,2000,11401,55,Thousands of dollars
"Le Sueur, MN",Farm Income,2005,26280,49,Thousands of dollars
"Le Sueur, MN",Farm Income,2010,20101,57,Thousands of dollars
"Le Sueur, MN",Farm Income,2015,17479,57,Thousands of dollars
"Lincoln, MN",Farm Income,2000,14145,46,Thousands of dollars
"Lincoln, MN",Farm Income,2005,26894,48,Thousands of dollars
"Lincoln, MN",Farm Income,2010,28620,47,Thousands of dollars
"Lincoln, MN",Farm Income,2015,32925,39,Thousands of dollars
"Lyon, MN",Farm Income,2000,21773,24,Thousands of dollars
"Lyon, MN",Farm Income,2005,56001,20,Thousands of dollars
"Lyon, MN",Farm Income,2010,61756,17,Thousands of dollars
"Lyon, MN",Farm Income,2015,94277,6,Thousands of dollars
"Mahnomen, MN",Farm Income,2000,6428,66,Thousands of dollars
"Mahnomen, MN",Farm Income,2005,4670,73,Thousands of dollars
"Mahnomen, MN",Farm Income,2010,787,83,Thousands of dollars
"Mahnomen, MN",Farm Income,2015,10549,64,Thousands of dollars
"Marshall, MN",Farm Income,2000,46836,3,Thousands of dollars
"Marshall, MN",Farm Income,2005,16658,58,Thousands of dollars
"Marshall, MN",Farm Income,2010,21792,54,Thousands of dollars
"Marshall, MN",Farm Income,2015,7068,72,Thousands of dollars
"Martin, MN",Farm Income,2005,117120,2,Thousands of dollars
"Martin, MN",Farm Income,2010,84424,5,Thousands of dollars
"Martin, MN",Farm Income,2015,66117,15,Thousands of dollars
"Martin, MN",Farm Income,2000,43936,4,Thousands of dollars
"McLeod, MN",Farm Income,2005,27712,46,Thousands of dollars
"McLeod, MN",Farm Income,2010,15989,61,Thousands of dollars
"McLeod, MN",Farm Income,2015,20547,50,Thousands of dollars
"McLeod, MN",Farm Income,2000,16568,41,Thousands of dollars
"Meeker, MN",Farm Income,2005,28013,45,Thousands of dollars
"Meeker, MN",Farm Income,2010,36259,37,Thousands of dollars
"Meeker, MN",Farm Income,2015,42674,29,Thousands of dollars
"Meeker, MN",Farm Income,2000,10888,56,Thousands of dollars
"Mille Lacs, MN",Farm Income,2005,4341,74,Thousands of dollars
"Mille Lacs, MN",Farm Income,2010,4191,74,Thousands of dollars
"Mille Lacs, MN",Farm Income,2015,2343,80,Thousands of dollars
"Mille Lacs, MN",Farm Income,2000,4747,69,Thousands of dollars
Minnesota,Farm Income,2005,33519.3908,0,Thousands of dollars
Minnesota,Farm Income,2010,35593.35632,0,Thousands of dollars
Minnesota,Farm Income,2015,35854.35632,0,Thousands of dollars
Minnesota,Farm Income,2000,16224.73563,0,Thousands of dollars
"Morrison, MN",Farm Income,2005,67930,9,Thousands of dollars
"Morrison, MN",Farm Income,2010,82854,6,Thousands of dollars
"Morrison, MN",Farm Income,2015,129259,2,Thousands of dollars
"Morrison, MN",Farm Income,2000,21699,25,Thousands of dollars
"Mower, MN",Farm Income,2005,61676,14,Thousands of dollars
"Mower, MN",Farm Income,2010,59681,21,Thousands of dollars
"Mower, MN",Farm Income,2015,34423,35,Thousands of dollars
"Mower, MN",Farm Income,2000,17152,36,Thousands of dollars
"Murray, MN",Farm Income,2005,65323,10,Thousands of dollars
"Murray, MN",Farm Income,2010,69031,13,Thousands of dollars
"Murray, MN",Farm Income,2015,94083,7,Thousands of dollars
"Murray, MN",Farm Income,2000,27642,14,Thousands of dollars
"Nicollet, MN",Farm Income,2005,64147,13,Thousands of dollars
"Nicollet, MN",Farm Income,2010,66035,15,Thousands of dollars
"Nicollet, MN",Farm Income,2015,39466,31,Thousands of dollars
"Nicollet, MN",Farm Income,2000,22448,22,Thousands of dollars
"Nobles, MN",Farm Income,2005,88958,5,Thousands of dollars
"Nobles, MN",Farm Income,2010,94113,4,Thousands of dollars
"Nobles, MN",Farm Income,2015,100263,4,Thousands of dollars
"Nobles, MN",Farm Income,2000,33671,9,Thousands of dollars
"Norman, MN",Farm Income,2005,38043,34,Thousands of dollars
"Norman, MN",Farm Income,2010,34983,38,Thousands of dollars
"Norman, MN",Farm Income,2015,3741,77,Thousands of dollars
"Norman, MN",Farm Income,2000,33930,8,Thousands of dollars
"Olmsted, MN",Farm Income,2005,29237,44,Thousands of dollars
"Olmsted, MN",Farm Income,2010,21419,55,Thousands of dollars
"Olmsted, MN",Farm Income,2015,34298,36,Thousands of dollars
"Olmsted, MN",Farm Income,2000,13754,47,Thousands of dollars
"Otter Tail, MN",Farm Income,2005,54167,23,Thousands of dollars
"Otter Tail, MN",Farm Income,2010,53675,24,Thousands of dollars
"Otter Tail, MN",Farm Income,2015,98943,5,Thousands of dollars
"Otter Tail, MN",Farm Income,2000,31225,10,Thousands of dollars
"Pennington, MN",Farm Income,2005,9227,66,Thousands of dollars
"Pennington, MN",Farm Income,2010,4974,72,Thousands of dollars
"Pennington, MN",Farm Income,2015,18625,54,Thousands of dollars
"Pennington, MN",Farm Income,2000,14484,44,Thousands of dollars
"Pine, MN",Farm Income,2005,5510,71,Thousands of dollars
"Pine, MN",Farm Income,2010,9474,67,Thousands of dollars
"Pine, MN",Farm Income,2015,8145,69,Thousands of dollars
"Pine, MN",Farm Income,2000,4228,70,Thousands of dollars
"Pipestone, MN",Farm Income,2005,45089,27,Thousands of dollars
"Pipestone, MN",Farm Income,2010,73920,10,Thousands of dollars
"Pipestone, MN",Farm Income,2015,70303,12,Thousands of dollars
"Pipestone, MN",Farm Income,2000,17548,33,Thousands of dollars
"Polk, MN",Farm Income,2005,46042,25,Thousands of dollars
"Polk, MN",Farm Income,2010,70176,12,Thousands of dollars
"Polk, MN",Farm Income,2015,23718,47,Thousands of dollars
"Polk, MN",Farm Income,2000,60226,1,Thousands of dollars
"Pope, MN",Farm Income,2005,31413,41,Thousands of dollars
"Pope, MN",Farm Income,2010,23619,50,Thousands of dollars
"Pope, MN",Farm Income,2015,25066,45,Thousands of dollars
"Pope, MN",Farm Income,2000,11553,54,Thousands of dollars
"Ramsey, MN",Farm Income,2005,1105,82,Thousands of dollars
"Ramsey, MN",Farm Income,2010,1625,80,Thousands of dollars
"Ramsey, MN",Farm Income,2015,919,83,Thousands of dollars
"Ramsey, MN",Farm Income,2000,1410,76,Thousands of dollars
"Red Lake, MN",Farm Income,2005,5386,72,Thousands of dollars
"Red Lake, MN",Farm Income,2010,9284,68,Thousands of dollars
"Red Lake, MN",Farm Income,2015,21653,48,Thousands of dollars
"Red Lake, MN",Farm Income,2000,14255,45,Thousands of dollars
"Redwood, MN",Farm Income,2005,91045,4,Thousands of dollars
"Redwood, MN",Farm Income,2010,106192,3,Thousands of dollars
"Redwood, MN",Farm Income,2015,81058,10,Thousands of dollars
"Redwood, MN",Farm Income,2000,39077,6,Thousands of dollars
"Renville, MN",Farm Income,2005,96618,3,Thousands of dollars
"Renville, MN",Farm Income,2010,106568,2,Thousands of dollars
"Renville, MN",Farm Income,2015,91505,8,Thousands of dollars
"Renville, MN",Farm Income,2000,39904,5,Thousands of dollars
"Rice, MN",Farm Income,2005,37820,35,Thousands of dollars
"Rice, MN",Farm Income,2010,38780,34,Thousands of dollars
"Rice, MN",Farm Income,2015,33996,37,Thousands of dollars
"Rice, MN",Farm Income,2000,5805,67,Thousands of dollars
"Rock, MN",Farm Income,2005,65298,11,Thousands of dollars
"Rock, MN",Farm Income,2010,75143,9,Thousands of dollars
"Rock, MN",Farm Income,2015,107615,3,Thousands of dollars
"Rock, MN",Farm Income,2000,23961,18,Thousands of dollars
"Roseau, MN",Farm Income,2005,7587,67,Thousands of dollars
"Roseau, MN",Farm Income,2010,9531,66,Thousands of dollars
"Roseau, MN",Farm Income,2015,35881,33,Thousands of dollars
"Roseau, MN",Farm Income,2000,29600,12,Thousands of dollars
"Scott, MN",Farm Income,2005,18995,54,Thousands of dollars
"Scott, MN",Farm Income,2010,17432,59,Thousands of dollars
"Scott, MN",Farm Income,2015,18999,52,Thousands of dollars
"Scott, MN",Farm Income,2000,6935,65,Thousands of dollars
"Sherburne, MN",Farm Income,2005,14722,61,Thousands of dollars
"Sherburne, MN",Farm Income,2010,4443,73,Thousands of dollars
"Sherburne, MN",Farm Income,2015,5667,74,Thousands of dollars
"Sherburne, MN",Farm Income,2000,12743,51,Thousands of dollars
"Sibley, MN",Farm Income,2005,55324,21,Thousands of dollars
"Sibley, MN",Farm Income,2010,55168,22,Thousands of dollars
"Sibley, MN",Farm Income,2015,53770,23,Thousands of dollars
"Sibley, MN",Farm Income,2000,21507,27,Thousands of dollars
"St. Louis, MN",Farm Income,2005,1330,80,Thousands of dollars
"St. Louis, MN",Farm Income,2010,3830,75,Thousands of dollars
"St. Louis, MN",Farm Income,2015,4508,75,Thousands of dollars
"St. Louis, MN",Farm Income,2000,1905,75,Thousands of dollars
"Stearns, MN",Farm Income,2005,119325,1,Thousands of dollars
"Stearns, MN",Farm Income,2010,137651,1,Thousands of dollars
"Stearns, MN",Farm Income,2015,186230,1,Thousands of dollars
"Stearns, MN",Farm Income,2000,58745,2,Thousands of dollars
"Steele, MN",Farm Income,2005,33619,38,Thousands of dollars
"Steele, MN",Farm Income,2010,30861,43,Thousands of dollars
"Steele, MN",Farm Income,2015,25952,43,Thousands of dollars
"Steele, MN",Farm Income,2000,16898,38,Thousands of dollars
"Stevens, MN",Farm Income,2005,49906,24,Thousands of dollars
"Stevens, MN",Farm Income,2010,60670,20,Thousands of dollars
"Stevens, MN",Farm Income,2015,58849,18,Thousands of dollars
"Stevens, MN",Farm Income,2000,24474,17,Thousands of dollars
"Swift, MN",Farm Income,2005,36978,36,Thousands of dollars
"Swift, MN",Farm Income,2010,38870,33,Thousands of dollars
"Swift, MN",Farm Income,2015,51163,24,Thousands of dollars
"Swift, MN",Farm Income,2000,9434,60,Thousands of dollars
"Todd, MN",Farm Income,2005,29564,43,Thousands of dollars
"Todd, MN",Farm Income,2010,33701,39,Thousands of dollars
"Todd, MN",Farm Income,2015,55481,21,Thousands of dollars
"Todd, MN",Farm Income,2000,10706,57,Thousands of dollars
"Traverse, MN",Farm Income,2005,15142,60,Thousands of dollars
"Traverse, MN",Farm Income,2010,31435,40,Thousands of dollars
"Traverse, MN",Farm Income,2015,57731,19,Thousands of dollars
"Traverse, MN",Farm Income,2000,12746,50,Thousands of dollars
"Wabasha, MN",Farm Income,2005,35394,37,Thousands of dollars
"Wabasha, MN",Farm Income,2010,29489,44,Thousands of dollars
"Wabasha, MN",Farm Income,2015,44787,27,Thousands of dollars
"Wabasha, MN",Farm Income,2000,16767,39,Thousands of dollars
"Wadena, MN",Farm Income,2005,6538,70,Thousands of dollars
"Wadena, MN",Farm Income,2010,10629,64,Thousands of dollars
"Wadena, MN",Farm Income,2015,16802,58,Thousands of dollars
"Wadena, MN",Farm Income,2000,-1568,87,Thousands of dollars
"Waseca, MN",Farm Income,2005,44874,28,Thousands of dollars
"Waseca, MN",Farm Income,2010,63308,16,Thousands of dollars
"Waseca, MN",Farm Income,2015,54653,22,Thousands of dollars
"Waseca, MN",Farm Income,2000,13140,49,Thousands of dollars
"Washington, MN",Farm Income,2005,21420,52,Thousands of dollars
"Washington, MN",Farm Income,2010,31267,41,Thousands of dollars
"Washington, MN",Farm Income,2015,16614,59,Thousands of dollars
"Washington, MN",Farm Income,2000,20545,28,Thousands of dollars
"Watonwan, MN",Farm Income,2005,56273,19,Thousands of dollars
"Watonwan, MN",Farm Income,2010,44262,30,Thousands of dollars
"Watonwan, MN",Farm Income,2015,20881,49,Thousands of dollars
"Watonwan, MN",Farm Income,2000,21656,26,Thousands of dollars
"Wilkin, MN",Farm Income,2005,23133,50,Thousands of dollars
"Wilkin, MN",Farm Income,2010,30973,42,Thousands of dollars
"Wilkin, MN",Farm Income,2015,9438,68,Thousands of dollars
"Wilkin, MN",Farm Income,2000,19422,31,Thousands of dollars
"Winona, MN",Farm Income,2005,38655,32,Thousands of dollars
"Winona, MN",Farm Income,2010,47324,27,Thousands of dollars
"Winona, MN",Farm Income,2015,50067,25,Thousands of dollars
"Winona, MN",Farm Income,2000,22410,23,Thousands of dollars
"Wright, MN",Farm Income,2005,32191,39,Thousands of dollars
"Wright, MN",Farm Income,2010,26209,48,Thousands of dollars
"Wright, MN",Farm Income,2015,17851,56,Thousands of dollars
"Wright, MN",Farm Income,2000,7152,64,Thousands of dollars
"Yellow Medicine, MN",Farm Income,2005,54818,22,Thousands of dollars
"Yellow Medicine, MN",Farm Income,2010,61579,18,Thousands of dollars
"Yellow Medicine, MN",Farm Income,2015,72837,11,Thousands of dollars
"Yellow Medicine, MN",Farm Income,2000,30300,11,Thousands of dollars
"Aitkin, MN",Income Per Capita,2000,22125,77,Dollars
"Aitkin, MN",Income Per Capita,2005,24370,83,Dollars
"Aitkin, MN",Income Per Capita,2010,29361,85,Dollars
"Aitkin, MN",Income Per Capita,2015,35411,86,Dollars
"Anoka, MN",Income Per Capita,2000,30768,8,Dollars
"Anoka, MN",Income Per Capita,2005,34973,9,Dollars
"Anoka, MN",Income Per Capita,2010,38291,33,Dollars
"Anoka, MN",Income Per Capita,2015,46558,36,Dollars
"Becker, MN",Income Per Capita,2000,24474,50,Dollars
"Becker, MN",Income Per Capita,2005,28537,68,Dollars
"Becker, MN",Income Per Capita,2010,35569,57,Dollars
"Becker, MN",Income Per Capita,2015,44401,53,Dollars
"Beltrami, MN",Income Per Capita,2000,21861,79,Dollars
"Beltrami, MN",Income Per Capita,2005,24984,81,Dollars
"Beltrami, MN",Income Per Capita,2010,31073,81,Dollars
"Beltrami, MN",Income Per Capita,2015,38004,81,Dollars
"Benton, MN",Income Per Capita,2000,25803,34,Dollars
"Benton, MN",Income Per Capita,2005,31167,40,Dollars
"Benton, MN",Income Per Capita,2010,33689,71,Dollars
"Benton, MN",Income Per Capita,2015,40301,69,Dollars
"Big Stone, MN",Income Per Capita,2000,23493,68,Dollars
"Big Stone, MN",Income Per Capita,2005,30293,53,Dollars
"Big Stone, MN",Income Per Capita,2010,39991,22,Dollars
"Big Stone, MN",Income Per Capita,2015,52690,12,Dollars
"Blue Earth, MN",Income Per Capita,2000,26409,29,Dollars
"Blue Earth, MN",Income Per Capita,2005,31883,34,Dollars
"Blue Earth, MN",Income Per Capita,2010,33630,72,Dollars
"Blue Earth, MN",Income Per Capita,2015,42415,62,Dollars
"Brown, MN",Income Per Capita,2000,26075,31,Dollars
"Brown, MN",Income Per Capita,2005,32758,24,Dollars
"Brown, MN",Income Per Capita,2010,38913,29,Dollars
"Brown, MN",Income Per Capita,2015,48903,27,Dollars
"Carlton, MN",Income Per Capita,2000,24464,51,Dollars
"Carlton, MN",Income Per Capita,2005,26869,76,Dollars
"Carlton, MN",Income Per Capita,2010,32906,75,Dollars
"Carlton, MN",Income Per Capita,2015,38878,77,Dollars
"Carver, MN",Income Per Capita,2000,39228,2,Dollars
"Carver, MN",Income Per Capita,2005,44745,2,Dollars
"Carver, MN",Income Per Capita,2010,51469,2,Dollars
"Carver, MN",Income Per Capita,2015,64664,2,Dollars
"Cass, MN",Income Per Capita,2000,25186,44,Dollars
"Cass, MN",Income Per Capita,2005,29217,63,Dollars
"Cass, MN",Income Per Capita,2010,34626,67,Dollars
"Cass, MN",Income Per Capita,2015,42715,60,Dollars
"Chippewa, MN",Income Per Capita,2000,26586,25,Dollars
"Chippewa, MN",Income Per Capita,2005,31896,33,Dollars
"Chippewa, MN",Income Per Capita,2010,39310,27,Dollars
"Chippewa, MN",Income Per Capita,2015,45079,45,Dollars
"Chisago, MN",Income Per Capita,2000,28434,9,Dollars
"Chisago, MN",Income Per Capita,2005,33805,15,Dollars
"Chisago, MN",Income Per Capita,2010,35102,61,Dollars
"Chisago, MN",Income Per Capita,2015,43993,54,Dollars
"Clay, MN",Income Per Capita,2000,23032,72,Dollars
"Clay, MN",Income Per Capita,2005,27733,73,Dollars
"Clay, MN",Income Per Capita,2010,33930,68,Dollars
"Clay, MN",Income Per Capita,2015,40822,68,Dollars
"Clearwater, MN",Income Per Capita,2000,21278,82,Dollars
"Clearwater, MN",Income Per Capita,2005,23775,86,Dollars
"Clearwater, MN",Income Per Capita,2010,30864,82,Dollars
"Clearwater, MN",Income Per Capita,2015,39451,75,Dollars
"Cook, MN",Income Per Capita,2000,27684,13,Dollars
"Cook, MN",Income Per Capita,2005,33782,16,Dollars
"Cook, MN",Income Per Capita,2010,40398,20,Dollars
"Cook, MN",Income Per Capita,2015,49385,25,Dollars
"Cottonwood, MN",Income Per Capita,2000,24531,48,Dollars
"Cottonwood, MN",Income Per Capita,2005,30978,44,Dollars
"Cottonwood, MN",Income Per Capita,2010,37043,42,Dollars
"Cottonwood, MN",Income Per Capita,2015,45605,37,Dollars
"Crow Wing, MN",Income Per Capita,2000,24051,58,Dollars
"Crow Wing, MN",Income Per Capita,2005,29381,61,Dollars
"Crow Wing, MN",Income Per Capita,2010,33766,69,Dollars
"Crow Wing, MN",Income Per Capita,2015,41301,65,Dollars
"Dakota, MN",Income Per Capita,2000,36565,3,Dollars
"Dakota, MN",Income Per Capita,2005,42312,4,Dollars
"Dakota, MN",Income Per Capita,2010,44693,8,Dollars
"Dakota, MN",Income Per Capita,2015,54654,7,Dollars
"Dodge, MN",Income Per Capita,2000,26558,27,Dollars
"Dodge, MN",Income Per Capita,2005,31558,37,Dollars
"Dodge, MN",Income Per Capita,2010,37313,37,Dollars
"Dodge, MN",Income Per Capita,2015,42516,61,Dollars
"Douglas, MN",Income Per Capita,2000,25951,33,Dollars
"Douglas, MN",Income Per Capita,2005,31020,43,Dollars
"Douglas, MN",Income Per Capita,2010,43477,10,Dollars
"Douglas, MN",Income Per Capita,2015,50821,18,Dollars
"Faribault, MN",Income Per Capita,2000,24484,49,Dollars
"Faribault, MN",Income Per Capita,2005,32739,26,Dollars
"Faribault, MN",Income Per Capita,2010,37296,39,Dollars
"Faribault, MN",Income Per Capita,2015,41034,66,Dollars
"Fillmore, MN",Income Per Capita,2000,23621,67,Dollars
"Fillmore, MN",Income Per Capita,2005,30131,55,Dollars
"Fillmore, MN",Income Per Capita,2010,35910,54,Dollars
"Fillmore, MN",Income Per Capita,2015,44852,48,Dollars
"Freeborn, MN",Income Per Capita,2000,24406,52,Dollars
"Freeborn, MN",Income Per Capita,2005,28605,67,Dollars
"Freeborn, MN",Income Per Capita,2010,35141,60,Dollars
"Freeborn, MN",Income Per Capita,2015,41684,64,Dollars
"Goodhue, MN",Income Per Capita,2000,27900,11,Dollars
"Goodhue, MN",Income Per Capita,2005,34388,13,Dollars
"Goodhue, MN",Income Per Capita,2010,39706,25,Dollars
"Goodhue, MN",Income Per Capita,2015,50097,20,Dollars
"Grant, MN",Income Per Capita,2000,26029,32,Dollars
"Grant, MN",Income Per Capita,2005,28369,70,Dollars
"Grant, MN",Income Per Capita,2010,39247,28,Dollars
"Grant, MN",Income Per Capita,2015,52225,13,Dollars
"Hennepin, MN",Income Per Capita,2000,43922,1,Dollars
"Hennepin, MN",Income Per Capita,2005,50894,1,Dollars
"Hennepin, MN",Income Per Capita,2010,54889,1,Dollars
"Hennepin, MN",Income Per Capita,2015,67939,1,Dollars
"Houston, MN",Income Per Capita,2000,26806,21,Dollars
"Houston, MN",Income Per Capita,2005,32831,23,Dollars
"Houston, MN",Income Per Capita,2010,38812,30,Dollars
"Houston, MN",Income Per Capita,2015,46707,34,Dollars
"Hubbard, MN",Income Per Capita,2000,21575,80,Dollars
"Hubbard, MN",Income Per Capita,2005,37414,8,Dollars
"Hubbard, MN",Income Per Capita,2010,31281,80,Dollars
"Hubbard, MN",Income Per Capita,2015,38972,76,Dollars
"Isanti, MN",Income Per Capita,2000,26751,22,Dollars
"Isanti, MN",Income Per Capita,2005,29035,65,Dollars
"Isanti, MN",Income Per Capita,2010,33344,74,Dollars
"Isanti, MN",Income Per Capita,2015,39997,74,Dollars
"Itasca, MN",Income Per Capita,2000,22836,73,Dollars
"Itasca, MN",Income Per Capita,2005,26497,78,Dollars
"Itasca, MN",Income Per Capita,2010,32402,78,Dollars
"Itasca, MN",Income Per Capita,2015,40075,73,Dollars
"Jackson, MN",Income Per Capita,2000,24069,57,Dollars
"Jackson, MN",Income Per Capita,2005,33666,17,Dollars
"Jackson, MN",Income Per Capita,2010,41844,14,Dollars
"Jackson, MN",Income Per Capita,2015,49801,23,Dollars
"Kanabec, MN",Income Per Capita,2000,22168,76,Dollars
"Kanabec, MN",Income Per Capita,2005,25409,80,Dollars
"Kanabec, MN",Income Per Capita,2010,29821,83,Dollars
"Kanabec, MN",Income Per Capita,2015,38620,78,Dollars
"Kandiyohi, MN",Income Per Capita,2000,27053,16,Dollars
"Kandiyohi, MN",Income Per Capita,2005,32988,22,Dollars
"Kandiyohi, MN",Income Per Capita,2010,40040,21,Dollars
"Kandiyohi, MN",Income Per Capita,2015,49938,22,Dollars
"Kittson, MN",Income Per Capita,2000,25794,35,Dollars
"Kittson, MN",Income Per Capita,2005,28523,69,Dollars
"Kittson, MN",Income Per Capita,2010,41225,17,Dollars
"Kittson, MN",Income Per Capita,2015,48085,31,Dollars
"Koochiching, MN",Income Per Capita,2000,24623,47,Dollars
"Koochiching, MN",Income Per Capita,2005,29434,60,Dollars
"Koochiching, MN",Income Per Capita,2010,34752,64,Dollars
"Koochiching, MN",Income Per Capita,2015,37424,82,Dollars
"Lac qui Parle, MN",Income Per Capita,2000,23843,64,Dollars
"Lac qui Parle, MN",Income Per Capita,2005,32337,29,Dollars
"Lac qui Parle, MN",Income Per Capita,2010,45852,4,Dollars
"Lac qui Parle, MN",Income Per Capita,2015,49712,24,Dollars
"Lake of the Woods, MN",Income Per Capita,2000,20655,85,Dollars
"Lake of the Woods, MN",Income Per Capita,2005,27617,74,Dollars
"Lake of the Woods, MN",Income Per Capita,2010,37395,36,Dollars
"Lake of the Woods, MN",Income Per Capita,2015,53072,11,Dollars
"Lake, MN",Income Per Capita,2000,25559,39,Dollars
"Lake, MN",Income Per Capita,2005,30684,48,Dollars
"Lake, MN",Income Per Capita,2010,36183,53,Dollars
"Lake, MN",Income Per Capita,2015,44914,47,Dollars
"Le Sueur, MN",Income Per Capita,2000,28032,10,Dollars
"Le Sueur, MN",Income Per Capita,2005,30520,49,Dollars
"Le Sueur, MN",Income Per Capita,2010,35233,59,Dollars
"Le Sueur, MN",Income Per Capita,2015,43990,55,Dollars
"Lincoln, MN",Income Per Capita,2000,23051,71,Dollars
"Lincoln, MN",Income Per Capita,2005,29836,57,Dollars
"Lincoln, MN",Income Per Capita,2010,37312,38,Dollars
"Lincoln, MN",Income Per Capita,2015,46586,35,Dollars
"Lyon, MN",Income Per Capita,2000,26461,28,Dollars
"Lyon, MN",Income Per Capita,2005,33310,20,Dollars
"Lyon, MN",Income Per Capita,2010,38568,31,Dollars
"Lyon, MN",Income Per Capita,2015,48411,29,Dollars
"Mahnomen, MN",Income Per Capita,2000,21066,83,Dollars
"Mahnomen, MN",Income Per Capita,2005,23472,87,Dollars
"Mahnomen, MN",Income Per Capita,2010,28212,86,Dollars
"Mahnomen, MN",Income Per Capita,2015,35619,85,Dollars
"Marshall, MN",Income Per Capita,2000,26586,25,Dollars
"Marshall, MN",Income Per Capita,2005,28234,72,Dollars
"Marshall, MN",Income Per Capita,2010,38352,32,Dollars
"Marshall, MN",Income Per Capita,2015,45455,40,Dollars
"Martin, MN",Income Per Capita,2005,34209,14,Dollars
"Martin, MN",Income Per Capita,2010,40760,19,Dollars
"Martin, MN",Income Per Capita,2015,48715,28,Dollars
"Martin, MN",Income Per Capita,2000,26824,20,Dollars
"McLeod, MN",Income Per Capita,2005,32279,30,Dollars
"McLeod, MN",Income Per Capita,2010,35662,56,Dollars
"McLeod, MN",Income Per Capita,2015,44761,49,Dollars
"McLeod, MN",Income Per Capita,2000,26981,17,Dollars
"Meeker, MN",Income Per Capita,2005,29216,64,Dollars
"Meeker, MN",Income Per Capita,2010,33747,70,Dollars
"Meeker, MN",Income Per Capita,2015,40869,67,Dollars
"Meeker, MN",Income Per Capita,2000,23755,65,Dollars
"Mille Lacs, MN",Income Per Capita,2005,27175,75,Dollars
"Mille Lacs, MN",Income Per Capita,2010,31315,79,Dollars
"Mille Lacs, MN",Income Per Capita,2015,38346,79,Dollars
"Mille Lacs, MN",Income Per Capita,2000,22213,75,Dollars
Minnesota,Income Per Capita,2005,38111,0,Dollars
Minnesota,Income Per Capita,2010,42606,0,Dollars
Minnesota,Income Per Capita,2015,52355,0,Dollars
Minnesota,Income Per Capita,2000,32447,0,Dollars
"Morrison, MN",Income Per Capita,2005,26868,77,Dollars
"Morrison, MN",Income Per Capita,2010,32416,77,Dollars
"Morrison, MN",Income Per Capita,2015,40279,70,Dollars
"Morrison, MN",Income Per Capita,2000,22007,78,Dollars
"Mower, MN",Income Per Capita,2005,30719,47,Dollars
"Mower, MN",Income Per Capita,2010,36766,46,Dollars
"Mower, MN",Income Per Capita,2015,44979,46,Dollars
"Mower, MN",Income Per Capita,2000,25560,38,Dollars
"Murray, MN",Income Per Capita,2005,34474,11,Dollars
"Murray, MN",Income Per Capita,2010,44953,7,Dollars
"Murray, MN",Income Per Capita,2015,54852,6,Dollars
"Murray, MN",Income Per Capita,2000,25666,37,Dollars
"Nicollet, MN",Income Per Capita,2005,33447,18,Dollars
"Nicollet, MN",Income Per Capita,2010,36960,43,Dollars
"Nicollet, MN",Income Per Capita,2015,45453,41,Dollars
"Nicollet, MN",Income Per Capita,2000,26953,18,Dollars
"Nobles, MN",Income Per Capita,2005,31048,42,Dollars
"Nobles, MN",Income Per Capita,2010,36699,48,Dollars
"Nobles, MN",Income Per Capita,2015,45230,44,Dollars
"Nobles, MN",Income Per Capita,2000,24345,54,Dollars
"Norman, MN",Income Per Capita,2005,30865,45,Dollars
"Norman, MN",Income Per Capita,2010,36471,50,Dollars
"Norman, MN",Income Per Capita,2015,37357,83,Dollars
"Norman, MN",Income Per Capita,2000,26219,30,Dollars
"Olmsted, MN",Income Per Capita,2005,38067,7,Dollars
"Olmsted, MN",Income Per Capita,2010,45340,5,Dollars
"Olmsted, MN",Income Per Capita,2015,51778,16,Dollars
"Olmsted, MN",Income Per Capita,2000,32315,7,Dollars
"Otter Tail, MN",Income Per Capita,2005,28268,71,Dollars
"Otter Tail, MN",Income Per Capita,2010,35099,62,Dollars
"Otter Tail, MN",Income Per Capita,2015,44684,50,Dollars
"Otter Tail, MN",Income Per Capita,2000,23397,69,Dollars
"Pennington, MN",Income Per Capita,2005,31525,38,Dollars
"Pennington, MN",Income Per Capita,2010,39596,26,Dollars
"Pennington, MN",Income Per Capita,2015,49088,26,Dollars
"Pennington, MN",Income Per Capita,2000,26882,19,Dollars
"Pine, MN",Income Per Capita,2005,24046,85,Dollars
"Pine, MN",Income Per Capita,2010,27986,87,Dollars
"Pine, MN",Income Per Capita,2015,33454,87,Dollars
"Pine, MN",Income Per Capita,2000,21304,81,Dollars
"Pipestone, MN",Income Per Capita,2005,32751,25,Dollars
"Pipestone, MN",Income Per Capita,2010,42400,12,Dollars
"Pipestone, MN",Income Per Capita,2015,52133,15,Dollars
"Pipestone, MN",Income Per Capita,2000,24881,45,Dollars
"Polk, MN",Income Per Capita,2005,28731,66,Dollars
"Polk, MN",Income Per Capita,2010,36839,44,Dollars
"Polk, MN",Income Per Capita,2015,43536,56,Dollars
"Polk, MN",Income Per Capita,2000,23848,63,Dollars
"Pope, MN",Income Per Capita,2005,30328,52,Dollars
"Pope, MN",Income Per Capita,2010,36216,51,Dollars
"Pope, MN",Income Per Capita,2015,47740,32,Dollars
"Pope, MN",Income Per Capita,2000,24000,59,Dollars
"Ramsey, MN",Income Per Capita,2005,39846,5,Dollars
"Ramsey, MN",Income Per Capita,2010,41667,15,Dollars
"Ramsey, MN",Income Per Capita,2015,50045,21,Dollars
"Ramsey, MN",Income Per Capita,2000,33508,6,Dollars
"Red Lake, MN",Income Per Capita,2005,26183,79,Dollars
"Red Lake, MN",Income Per Capita,2010,35824,55,Dollars
"Red Lake, MN",Income Per Capita,2015,45592,38,Dollars
"Red Lake, MN",Income Per Capita,2000,22630,74,Dollars
"Redwood, MN",Income Per Capita,2005,31815,35,Dollars
"Redwood, MN",Income Per Capita,2010,42304,13,Dollars
"Redwood, MN",Income Per Capita,2015,54406,8,Dollars
"Redwood, MN",Income Per Capita,2000,25421,41,Dollars
"Renville, MN",Income Per Capita,2005,32052,32,Dollars
"Renville, MN",Income Per Capita,2010,41433,16,Dollars
"Renville, MN",Income Per Capita,2015,50750,19,Dollars
"Renville, MN",Income Per Capita,2000,24370,53,Dollars
"Rice, MN",Income Per Capita,2005,29528,59,Dollars
"Rice, MN",Income Per Capita,2010,33495,73,Dollars
"Rice, MN",Income Per Capita,2015,40202,72,Dollars
"Rice, MN",Income Per Capita,2000,24143,55,Dollars
"Rock, MN",Income Per Capita,2005,34458,12,Dollars
"Rock, MN",Income Per Capita,2010,39984,24,Dollars
"Rock, MN",Income Per Capita,2015,51334,17,Dollars
"Rock, MN",Income Per Capita,2000,25372,42,Dollars
"Roseau, MN",Income Per Capita,2005,33347,19,Dollars
"Roseau, MN",Income Per Capita,2010,36214,52,Dollars
"Roseau, MN",Income Per Capita,2015,45385,42,Dollars
"Roseau, MN",Income Per Capita,2000,27306,15,Dollars
"Scott, MN",Income Per Capita,2005,38328,6,Dollars
"Scott, MN",Income Per Capita,2010,44305,9,Dollars
"Scott, MN",Income Per Capita,2015,53578,10,Dollars
"Scott, MN",Income Per Capita,2000,33811,5,Dollars
"Sherburne, MN",Income Per Capita,2005,30749,46,Dollars
"Sherburne, MN",Income Per Capita,2010,34707,65,Dollars
"Sherburne, MN",Income Per Capita,2015,42853,59,Dollars
"Sherburne, MN",Income Per Capita,2000,25784,36,Dollars
"Sibley, MN",Income Per Capita,2005,31319,39,Dollars
"Sibley, MN",Income Per Capita,2010,37116,41,Dollars
"Sibley, MN",Income Per Capita,2015,44594,51,Dollars
"Sibley, MN",Income Per Capita,2000,23329,70,Dollars
"St. Louis, MN",Income Per Capita,2005,30494,50,Dollars
"St. Louis, MN",Income Per Capita,2010,37730,34,Dollars
"St. Louis, MN",Income Per Capita,2015,43429,57,Dollars
"St. Louis, MN",Income Per Capita,2000,26638,23,Dollars
"Stearns, MN",Income Per Capita,2005,30418,51,Dollars
"Stearns, MN",Income Per Capita,2010,34651,66,Dollars
"Stearns, MN",Income Per Capita,2015,43351,58,Dollars
"Stearns, MN",Income Per Capita,2000,25279,43,Dollars
"Steele, MN",Income Per Capita,2005,31669,36,Dollars
"Steele, MN",Income Per Capita,2010,36772,45,Dollars
"Steele, MN",Income Per Capita,2015,42345,63,Dollars
"Steele, MN",Income Per Capita,2000,27584,14,Dollars
"Stevens, MN",Income Per Capita,2005,34515,10,Dollars
"Stevens, MN",Income Per Capita,2010,40984,18,Dollars
"Stevens, MN",Income Per Capita,2015,48270,30,Dollars
"Stevens, MN",Income Per Capita,2000,25516,40,Dollars
"Swift, MN",Income Per Capita,2005,31104,41,Dollars
"Swift, MN",Income Per Capita,2010,37128,40,Dollars
"Swift, MN",Income Per Capita,2015,54121,9,Dollars
"Swift, MN",Income Per Capita,2000,20732,84,Dollars
"Todd, MN",Income Per Capita,2005,24681,82,Dollars
"Todd, MN",Income Per Capita,2010,32552,76,Dollars
"Todd, MN",Income Per Capita,2015,38011,80,Dollars
"Todd, MN",Income Per Capita,2000,19974,86,Dollars
"Traverse, MN",Income Per Capita,2005,29765,58,Dollars
"Traverse, MN",Income Per Capita,2010,42607,11,Dollars
"Traverse, MN",Income Per Capita,2015,62867,3,Dollars
"Traverse, MN",Income Per Capita,2000,23994,60,Dollars
"Wabasha, MN",Income Per Capita,2005,32055,31,Dollars
"Wabasha, MN",Income Per Capita,2010,36610,49,Dollars
"Wabasha, MN",Income Per Capita,2015,44467,52,Dollars
"Wabasha, MN",Income Per Capita,2000,26635,24,Dollars
"Wadena, MN",Income Per Capita,2005,24123,84,Dollars
"Wadena, MN",Income Per Capita,2010,29548,84,Dollars
"Wadena, MN",Income Per Capita,2015,37224,84,Dollars
"Wadena, MN",Income Per Capita,2000,19377,87,Dollars
"Waseca, MN",Income Per Capita,2005,29330,62,Dollars
"Waseca, MN",Income Per Capita,2010,37666,35,Dollars
"Waseca, MN",Income Per Capita,2015,47075,33,Dollars
"Waseca, MN",Income Per Capita,2000,23978,61,Dollars
"Washington, MN",Income Per Capita,2005,43554,3,Dollars
"Washington, MN",Income Per Capita,2010,47644,3,Dollars
"Washington, MN",Income Per Capita,2015,60189,4,Dollars
"Washington, MN",Income Per Capita,2000,36554,4,Dollars
"Watonwan, MN",Income Per Capita,2005,30239,54,Dollars
"Watonwan, MN",Income Per Capita,2010,35240,58,Dollars
"Watonwan, MN",Income Per Capita,2015,40214,71,Dollars
"Watonwan, MN",Income Per Capita,2000,23741,66,Dollars
"Wilkin, MN",Income Per Capita,2005,32366,28,Dollars
"Wilkin, MN",Income Per Capita,2010,45081,6,Dollars
"Wilkin, MN",Income Per Capita,2015,52136,14,Dollars
"Wilkin, MN",Income Per Capita,2000,24136,56,Dollars
"Winona, MN",Income Per Capita,2005,29995,56,Dollars
"Winona, MN",Income Per Capita,2010,35055,63,Dollars
"Winona, MN",Income Per Capita,2015,45323,43,Dollars
"Winona, MN",Income Per Capita,2000,24764,46,Dollars
"Wright, MN",Income Per Capita,2005,32508,27,Dollars
"Wright, MN",Income Per Capita,2010,36728,47,Dollars
"Wright, MN",Income Per Capita,2015,45458,39,Dollars
"Wright, MN",Income Per Capita,2000,27699,12,Dollars
"Yellow Medicine, MN",Income Per Capita,2005,33210,21,Dollars
"Yellow Medicine, MN",Income Per Capita,2010,39985,23,Dollars
"Yellow Medicine, MN",Income Per Capita,2015,57364,5,Dollars
"Yellow Medicine, MN",Income Per Capita,2000,23942,62,Dollars
"Aitkin, MN",Population,2000,15282,57,Number of persons
"Aitkin, MN",Population,2005,16162,55,Number of persons
"Aitkin, MN",Population,2010,16210,53,Number of persons
"Aitkin, MN",Population,2015,15852,53,Number of persons
"Anoka, MN",Population,2000,299780,4,Number of persons
"Anoka, MN",Population,2005,319830,4,Number of persons
"Anoka, MN",Population,2010,331437,4,Number of persons
"Anoka, MN",Population,2015,344176,4,Number of persons
"Becker, MN",Population,2000,30188,34,Number of persons
"Becker, MN",Population,2005,31753,32,Number of persons
"Becker, MN",Population,2010,32551,33,Number of persons
"Becker, MN",Population,2015,33445,32,Number of persons
"Beltrami, MN",Population,2000,39789,23,Number of persons
"Beltrami, MN",Population,2005,42700,22,Number of persons
"Beltrami, MN",Population,2010,44572,22,Number of persons
"Beltrami, MN",Population,2015,45605,21,Number of persons
"Benton, MN",Population,2000,34470,26,Number of persons
"Benton, MN",Population,2005,37409,25,Number of persons
"Benton, MN",Population,2010,38462,25,Number of persons
"Benton, MN",Population,2015,39422,25,Number of persons
"Big Stone, MN",Population,2000,5777,81,Number of persons
"Big Stone, MN",Population,2005,5445,81,Number of persons
"Big Stone, MN",Population,2010,5273,82,Number of persons
"Big Stone, MN",Population,2015,4993,83,Number of persons
"Blue Earth, MN",Population,2000,55988,15,Number of persons
"Blue Earth, MN",Population,2005,59918,14,Number of persons
"Blue Earth, MN",Population,2010,64086,14,Number of persons
"Blue Earth, MN",Population,2015,65673,13,Number of persons
"Brown, MN",Population,2000,26877,37,Number of persons
"Brown, MN",Population,2005,26260,39,Number of persons
"Brown, MN",Population,2010,25843,41,Number of persons
"Brown, MN",Population,2015,25240,41,Number of persons
"Carlton, MN",Population,2000,31784,31,Number of persons
"Carlton, MN",Population,2005,34367,30,Number of persons
"Carlton, MN",Population,2010,35416,30,Number of persons
"Carlton, MN",Population,2015,35409,30,Number of persons
"Carver, MN",Population,2000,70843,11,Number of persons
"Carver, MN",Population,2005,83258,11,Number of persons
"Carver, MN",Population,2010,91401,11,Number of persons
"Carver, MN",Population,2015,98630,11,Number of persons
"Cass, MN",Population,2000,27292,36,Number of persons
"Cass, MN",Population,2005,28683,36,Number of persons
"Cass, MN",Population,2010,28652,37,Number of persons
"Cass, MN",Population,2015,28698,37,Number of persons
"Chippewa, MN",Population,2000,12913,62,Number of persons
"Chippewa, MN",Population,2005,12581,62,Number of persons
"Chippewa, MN",Population,2010,12445,62,Number of persons
"Chippewa, MN",Population,2015,12084,62,Number of persons
"Chisago, MN",Population,2000,41611,21,Number of persons
"Chisago, MN",Population,2005,50283,19,Number of persons
"Chisago, MN",Population,2010,53904,18,Number of persons
"Chisago, MN",Population,2015,54129,18,Number of persons
"Clay, MN",Population,2000,51308,17,Number of persons
"Clay, MN",Population,2005,54122,17,Number of persons
"Clay, MN",Population,2010,59147,16,Number of persons
"Clay, MN",Population,2015,62169,16,Number of persons
"Clearwater, MN",Population,2000,8389,75,Number of persons
"Clearwater, MN",Population,2005,8471,75,Number of persons
"Clearwater, MN",Population,2010,8705,74,Number of persons
"Clearwater, MN",Population,2015,8797,74,Number of persons
"Cook, MN",Population,2000,5178,83,Number of persons
"Cook, MN",Population,2005,5158,83,Number of persons
"Cook, MN",Population,2010,5161,83,Number of persons
"Cook, MN",Population,2015,5245,82,Number of persons
"Cottonwood, MN",Population,2000,12167,63,Number of persons
"Cottonwood, MN",Population,2005,11967,63,Number of persons
"Cottonwood, MN",Population,2010,11715,63,Number of persons
"Cottonwood, MN",Population,2015,11422,63,Number of persons
"Crow Wing, MN",Population,2000,55184,16,Number of persons
"Crow Wing, MN",Population,2005,59606,15,Number of persons
"Crow Wing, MN",Population,2010,62609,15,Number of persons
"Crow Wing, MN",Population,2015,63229,15,Number of persons
"Dakota, MN",Population,2000,357848,3,Number of persons
"Dakota, MN",Population,2005,381829,3,Number of persons
"Dakota, MN",Population,2010,399211,3,Number of persons
"Dakota, MN",Population,2015,414131,3,Number of persons
"Dodge, MN",Population,2000,17857,51,Number of persons
"Dodge, MN",Population,2005,19391,50,Number of persons
"Dodge, MN",Population,2010,20154,49,Number of persons
"Dodge, MN",Population,2015,20410,48,Number of persons
"Douglas, MN",Population,2000,32882,28,Number of persons
"Douglas, MN",Population,2005,35110,29,Number of persons
"Douglas, MN",Population,2010,35989,29,Number of persons
"Douglas, MN",Population,2015,36790,27,Number of persons
"Faribault, MN",Population,2000,16143,55,Number of persons
"Faribault, MN",Population,2005,15255,57,Number of persons
"Faribault, MN",Population,2010,14480,58,Number of persons
"Faribault, MN",Population,2015,13981,59,Number of persons
"Fillmore, MN",Population,2000,21142,46,Number of persons
"Fillmore, MN",Population,2005,21138,45,Number of persons
"Fillmore, MN",Population,2010,20862,46,Number of persons
"Fillmore, MN",Population,2015,20739,46,Number of persons
"Freeborn, MN",Population,2000,32555,29,Number of persons
"Freeborn, MN",Population,2005,31704,33,Number of persons
"Freeborn, MN",Population,2010,31204,35,Number of persons
"Freeborn, MN",Population,2015,30522,35,Number of persons
"Goodhue, MN",Population,2000,44154,19,Number of persons
"Goodhue, MN",Population,2005,45339,20,Number of persons
"Goodhue, MN",Population,2010,46210,20,Number of persons
"Goodhue, MN",Population,2015,46060,20,Number of persons
"Grant, MN",Population,2000,6265,80,Number of persons
"Grant, MN",Population,2005,6165,79,Number of persons
"Grant, MN",Population,2010,6002,79,Number of persons
"Grant, MN",Population,2015,5867,79,Number of persons
"Hennepin, MN",Population,2000,1117775,1,Number of persons
"Hennepin, MN",Population,2005,1117015,1,Number of persons
"Hennepin, MN",Population,2010,1154188,1,Number of persons
"Hennepin, MN",Population,2015,1222200,1,Number of persons
"Houston, MN",Population,2000,19730,48,Number of persons
"Houston, MN",Population,2005,19573,49,Number of persons
"Houston, MN",Population,2010,19025,51,Number of persons
"Houston, MN",Population,2015,18686,51,Number of persons
"Hubbard, MN",Population,2000,18401,50,Number of persons
"Hubbard, MN",Population,2005,19652,48,Number of persons
"Hubbard, MN",Population,2010,20427,48,Number of persons
"Hubbard, MN",Population,2015,20646,47,Number of persons
"Isanti, MN",Population,2000,31459,32,Number of persons
"Isanti, MN",Population,2005,36400,26,Number of persons
"Isanti, MN",Population,2010,37857,26,Number of persons
"Isanti, MN",Population,2015,38281,26,Number of persons
"Itasca, MN",Population,2000,43927,20,Number of persons
"Itasca, MN",Population,2005,44338,21,Number of persons
"Itasca, MN",Population,2010,45037,21,Number of persons
"Itasca, MN",Population,2015,45267,22,Number of persons
"Jackson, MN",Population,2000,11186,68,Number of persons
"Jackson, MN",Population,2005,10595,68,Number of persons
"Jackson, MN",Population,2010,10271,68,Number of persons
"Jackson, MN",Population,2015,10096,67,Number of persons
"Kanabec, MN",Population,2000,15041,58,Number of persons
"Kanabec, MN",Population,2005,16259,53,Number of persons
"Kanabec, MN",Population,2010,16216,52,Number of persons
"Kanabec, MN",Population,2015,15888,52,Number of persons
"Kandiyohi, MN",Population,2000,41141,22,Number of persons
"Kandiyohi, MN",Population,2005,41487,23,Number of persons
"Kandiyohi, MN",Population,2010,42233,23,Number of persons
"Kandiyohi, MN",Population,2015,42623,23,Number of persons
"Kittson, MN",Population,2000,5260,82,Number of persons
"Kittson, MN",Population,2005,4846,84,Number of persons
"Kittson, MN",Population,2010,4553,84,Number of persons
"Kittson, MN",Population,2015,4409,84,Number of persons
"Koochiching, MN",Population,2000,14288,59,Number of persons
"Koochiching, MN",Population,2005,13851,59,Number of persons
"Koochiching, MN",Population,2010,13315,61,Number of persons
"Koochiching, MN",Population,2015,12797,61,Number of persons
"Lac qui Parle, MN",Population,2000,8057,76,Number of persons
"Lac qui Parle, MN",Population,2005,7574,76,Number of persons
"Lac qui Parle, MN",Population,2010,7245,76,Number of persons
"Lac qui Parle, MN",Population,2015,6877,76,Number of persons
"Lake of the Woods, MN",Population,2000,4488,85,Number of persons
"Lake of the Woods, MN",Population,2005,4374,85,Number of persons
"Lake of the Woods, MN",Population,2010,4035,86,Number of persons
"Lake of the Woods, MN",Population,2015,3868,86,Number of persons
"Lake, MN",Population,2000,11083,69,Number of persons
"Lake, MN",Population,2005,11014,66,Number of persons
"Lake, MN",Population,2010,10854,66,Number of persons
"Lake, MN",Population,2015,10541,66,Number of persons
"Le Sueur, MN",Population,2000,25459,40,Number of persons
"Le Sueur, MN",Population,2005,27016,38,Number of persons
"Le Sueur, MN",Population,2010,27731,38,Number of persons
"Le Sueur, MN",Population,2015,27755,38,Number of persons
"Lincoln, MN",Population,2000,6403,79,Number of persons
"Lincoln, MN",Population,2005,6074,80,Number of persons
"Lincoln, MN",Population,2010,5885,80,Number of persons
"Lincoln, MN",Population,2015,5710,80,Number of persons
"Lyon, MN",Population,2000,25465,39,Number of persons
"Lyon, MN",Population,2005,25178,41,Number of persons
"Lyon, MN",Population,2010,25849,40,Number of persons
"Lyon, MN",Population,2015,25826,39,Number of persons
"Mahnomen, MN",Population,2000,5167,84,Number of persons
"Mahnomen, MN",Population,2005,5283,82,Number of persons
"Mahnomen, MN",Population,2010,5440,81,Number of persons
"Mahnomen, MN",Population,2015,5432,81,Number of persons
"Marshall, MN",Population,2000,10119,70,Number of persons
"Marshall, MN",Population,2005,9889,70,Number of persons
"Marshall, MN",Population,2010,9441,73,Number of persons
"Marshall, MN",Population,2015,9409,71,Number of persons
"Martin, MN",Population,2005,21063,46,Number of persons
"Martin, MN",Population,2010,20805,47,Number of persons
"Martin, MN",Population,2015,20036,49,Number of persons
"Martin, MN",Population,2000,21786,44,Number of persons
"McLeod, MN",Population,2005,36250,27,Number of persons
"McLeod, MN",Population,2010,36589,27,Number of persons
"McLeod, MN",Population,2015,35814,29,Number of persons
"McLeod, MN",Population,2000,34854,25,Number of persons
"Meeker, MN",Population,2005,23213,43,Number of persons
"Meeker, MN",Population,2010,23329,43,Number of persons
"Meeker, MN",Population,2015,23045,43,Number of persons
"Meeker, MN",Population,2000,22766,42,Number of persons
"Mille Lacs, MN",Population,2005,25414,40,Number of persons
"Mille Lacs, MN",Population,2010,26078,39,Number of persons
"Mille Lacs, MN",Population,2015,25494,40,Number of persons
"Mille Lacs, MN",Population,2000,22422,43,Number of persons
Minnesota,Population,2005,58845.95402,0,Number of persons
Minnesota,Population,2010,61044,0,Number of persons
Minnesota,Population,2015,63011.86207,0,Number of persons
Minnesota,Population,2000,56709.10345,0,Number of persons
"Morrison, MN",Population,2005,32669,31,Number of persons
"Morrison, MN",Population,2010,33244,31,Number of persons
"Morrison, MN",Population,2015,32775,33,Number of persons
"Morrison, MN",Population,2000,31819,30,Number of persons
"Mower, MN",Population,2005,38659,24,Number of persons
"Mower, MN",Population,2010,39212,24,Number of persons
"Mower, MN",Population,2015,39492,24,Number of persons
"Mower, MN",Population,2000,38669,24,Number of persons
"Murray, MN",Population,2005,8919,74,Number of persons
"Murray, MN",Population,2010,8697,75,Number of persons
"Murray, MN",Population,2015,8394,75,Number of persons
"Murray, MN",Population,2000,9153,74,Number of persons
"Nicollet, MN",Population,2005,31193,34,Number of persons
"Nicollet, MN",Population,2010,32758,32,Number of persons
"Nicollet, MN",Population,2015,33526,31,Number of persons
"Nicollet, MN",Population,2000,29904,35,Number of persons
"Nobles, MN",Population,2005,20709,47,Number of persons
"Nobles, MN",Population,2010,21425,45,Number of persons
"Nobles, MN",Population,2015,21748,44,Number of persons
"Nobles, MN",Population,2000,20791,47,Number of persons
"Norman, MN",Population,2005,7047,77,Number of persons
"Norman, MN",Population,2010,6833,77,Number of persons
"Norman, MN",Population,2015,6621,77,Number of persons
"Norman, MN",Population,2000,7431,77,Number of persons
"Olmsted, MN",Population,2005,134953,8,Number of persons
"Olmsted, MN",Population,2010,144534,8,Number of persons
"Olmsted, MN",Population,2015,151397,8,Number of persons
"Olmsted, MN",Population,2000,124930,8,Number of persons
"Otter Tail, MN",Population,2005,57420,16,Number of persons
"Otter Tail, MN",Population,2010,57288,17,Number of persons
"Otter Tail, MN",Population,2015,57520,17,Number of persons
"Otter Tail, MN",Population,2000,57073,13,Number of persons
"Pennington, MN",Population,2005,13639,61,Number of persons
"Pennington, MN",Population,2010,13968,59,Number of persons
"Pennington, MN",Population,2015,14237,58,Number of persons
"Pennington, MN",Population,2000,13545,61,Number of persons
"Pine, MN",Population,2005,28616,37,Number of persons
"Pine, MN",Population,2010,29717,36,Number of persons
"Pine, MN",Population,2015,29045,36,Number of persons
"Pine, MN",Population,2000,26607,38,Number of persons
"Pipestone, MN",Population,2005,9453,73,Number of persons
"Pipestone, MN",Population,2010,9606,72,Number of persons
"Pipestone, MN",Population,2015,9295,73,Number of persons
"Pipestone, MN",Population,2000,9858,72,Number of persons
"Polk, MN",Population,2005,31148,35,Number of persons
"Polk, MN",Population,2010,31639,34,Number of persons
"Polk, MN",Population,2015,31497,34,Number of persons
"Polk, MN",Population,2000,31384,33,Number of persons
"Pope, MN",Population,2005,11142,65,Number of persons
"Pope, MN",Population,2010,10974,65,Number of persons
"Pope, MN",Population,2015,10936,65,Number of persons
"Pope, MN",Population,2000,11231,66,Number of persons
"Ramsey, MN",Population,2005,497560,2,Number of persons
"Ramsey, MN",Population,2010,509387,2,Number of persons
"Ramsey, MN",Population,2015,536631,2,Number of persons
"Ramsey, MN",Population,2000,511520,2,Number of persons
"Red Lake, MN",Population,2005,4191,86,Number of persons
"Red Lake, MN",Population,2010,4079,85,Number of persons
"Red Lake, MN",Population,2015,4031,85,Number of persons
"Red Lake, MN",Population,2000,4279,86,Number of persons
"Redwood, MN",Population,2005,16100,56,Number of persons
"Redwood, MN",Population,2010,16079,54,Number of persons
"Redwood, MN",Population,2015,15425,55,Number of persons
"Redwood, MN",Population,2000,16767,53,Number of persons
"Renville, MN",Population,2005,16565,52,Number of persons
"Renville, MN",Population,2010,15684,55,Number of persons
"Renville, MN",Population,2015,14798,57,Number of persons
"Renville, MN",Population,2000,17125,52,Number of persons
"Rice, MN",Population,2005,60832,13,Number of persons
"Rice, MN",Population,2010,64243,13,Number of persons
"Rice, MN",Population,2015,65323,14,Number of persons
"Rice, MN",Population,2000,56811,14,Number of persons
"Rock, MN",Population,2005,9520,72,Number of persons
"Rock, MN",Population,2010,9658,71,Number of persons
"Rock, MN",Population,2015,9442,70,Number of persons
"Rock, MN",Population,2000,9703,73,Number of persons
"Roseau, MN",Population,2005,16212,54,Number of persons
"Roseau, MN",Population,2010,15558,56,Number of persons
"Roseau, MN",Population,2015,15621,54,Number of persons
"Roseau, MN",Population,2000,16309,54,Number of persons
"Scott, MN",Population,2005,117111,9,Number of persons
"Scott, MN",Population,2010,130506,9,Number of persons
"Scott, MN",Population,2015,141329,9,Number of persons
"Scott, MN",Population,2000,91031,9,Number of persons
"Sherburne, MN",Population,2005,81179,12,Number of persons
"Sherburne, MN",Population,2010,88798,12,Number of persons
"Sherburne, MN",Population,2015,91415,12,Number of persons
"Sherburne, MN",Population,2000,65361,12,Number of persons
"Sibley, MN",Population,2005,15126,58,Number of persons
"Sibley, MN",Population,2010,15256,57,Number of persons
"Sibley, MN",Population,2015,14889,56,Number of persons
"Sibley, MN",Population,2000,15361,56,Number of persons
"St. Louis, MN",Population,2005,198443,6,Number of persons
"St. Louis, MN",Population,2010,200138,6,Number of persons
"St. Louis, MN",Population,2015,200296,6,Number of persons
"St. Louis, MN",Population,2000,200626,6,Number of persons
"Stearns, MN",Population,2005,141813,7,Number of persons
"Stearns, MN",Population,2010,150756,7,Number of persons
"Stearns, MN",Population,2015,156003,7,Number of persons
"Stearns, MN",Population,2000,133669,7,Number of persons
"Steele, MN",Population,2005,35568,28,Number of persons
"Steele, MN",Population,2010,36497,28,Number of persons
"Steele, MN",Population,2015,36599,28,Number of persons
"Steele, MN",Population,2000,33793,27,Number of persons
"Stevens, MN",Population,2005,9807,71,Number of persons
"Stevens, MN",Population,2010,9705,70,Number of persons
"Stevens, MN",Population,2015,9874,68,Number of persons
"Stevens, MN",Population,2000,10021,71,Number of persons
"Swift, MN",Population,2005,10232,69,Number of persons
"Swift, MN",Population,2010,9754,69,Number of persons
"Swift, MN",Population,2015,9376,72,Number of persons
"Swift, MN",Population,2000,11834,64,Number of persons
"Todd, MN",Population,2005,24608,42,Number of persons
"Todd, MN",Population,2010,24898,42,Number of persons
"Todd, MN",Population,2015,24328,42,Number of persons
"Todd, MN",Population,2000,24407,41,Number of persons
"Traverse, MN",Population,2005,3838,87,Number of persons
"Traverse, MN",Population,2010,3534,87,Number of persons
"Traverse, MN",Population,2015,3373,87,Number of persons
"Traverse, MN",Population,2000,4123,87,Number of persons
"Wabasha, MN",Population,2005,21706,44,Number of persons
"Wabasha, MN",Population,2010,21672,44,Number of persons
"Wabasha, MN",Population,2015,21387,45,Number of persons
"Wabasha, MN",Population,2000,21644,45,Number of persons
"Wadena, MN",Population,2005,13799,60,Number of persons
"Wadena, MN",Population,2010,13816,60,Number of persons
"Wadena, MN",Population,2015,13667,60,Number of persons
"Wadena, MN",Population,2000,13745,60,Number of persons
"Waseca, MN",Population,2005,19288,51,Number of persons
"Waseca, MN",Population,2010,19145,50,Number of persons
"Waseca, MN",Population,2015,18926,50,Number of persons
"Waseca, MN",Population,2000,19522,49,Number of persons
"Washington, MN",Population,2005,219972,5,Number of persons
"Washington, MN",Population,2010,238930,5,Number of persons
"Washington, MN",Population,2015,250386,5,Number of persons
"Washington, MN",Population,2000,202686,5,Number of persons
"Watonwan, MN",Population,2005,11377,64,Number of persons
"Watonwan, MN",Population,2010,11194,64,Number of persons
"Watonwan, MN",Population,2015,11018,64,Number of persons
"Watonwan, MN",Population,2000,11826,65,Number of persons
"Wilkin, MN",Population,2005,6801,78,Number of persons
"Wilkin, MN",Population,2010,6591,78,Number of persons
"Wilkin, MN",Population,2015,6357,78,Number of persons
"Wilkin, MN",Population,2000,7116,78,Number of persons
"Winona, MN",Population,2005,50756,18,Number of persons
"Winona, MN",Population,2010,51435,19,Number of persons
"Winona, MN",Population,2015,50827,19,Number of persons
"Winona, MN",Population,2000,50081,18,Number of persons
"Wright, MN",Population,2005,110674,10,Number of persons
"Wright, MN",Population,2010,125093,10,Number of persons
"Wright, MN",Population,2015,130973,10,Number of persons
"Wright, MN",Population,2000,90786,10,Number of persons
"Yellow Medicine, MN",Population,2005,10691,67,Number of persons
"Yellow Medicine, MN",Population,2010,10423,67,Number of persons
"Yellow Medicine, MN",Population,2015,9837,69,Number of persons
"Yellow Medicine, MN",Population,2000,11208,67,Number of persons